{
  "top1_accuracy": 0.3538812785388128,
  "top3_accuracy": 0.6278538812785388,
  "top5_accuracy": 0.723744292237443,
  "overall_f1": 0.1715479045771754,
  "overall_precision": 0.10517773248127242,
  "overall_recall": 0.5390499819538352
}