{
  "Eczema": {
    "f1": 0.502970297029703,
    "precision": 0.3489010989010989,
    "recall": 0.900709219858156,
    "support": 141
  },
  "Allergic Contact Dermatitis": {
    "f1": 0.5,
    "precision": 0.35240963855421686,
    "recall": 0.8602941176470589,
    "support": 136
  },
  "Insect Bite": {
    "f1": 0.304,
    "precision": 0.1890547263681592,
    "recall": 0.7755102040816326,
    "support": 49
  },
  "Urticaria": {
    "f1": 0.3076923076923077,
    "precision": 0.192090395480226,
    "recall": 0.7727272727272727,
    "support": 44
  },
  "Psoriasis": {
    "f1": 0.2556390977443609,
    "precision": 0.15454545454545454,
    "recall": 0.7391304347826086,
    "support": 46
  },
  "Folliculitis": {
    "f1": 0.2955665024630542,
    "precision": 0.18518518518518517,
    "recall": 0.7317073170731707,
    "support": 41
  },
  "Irritant Contact Dermatitis": {
    "f1": 0.18018018018018017,
    "precision": 0.10362694300518134,
    "recall": 0.6896551724137931,
    "support": 29
  },
  "Tinea": {
    "f1": 0.23414634146341465,
    "precision": 0.14035087719298245,
    "recall": 0.7058823529411765,
    "support": 34
  },
  "Drug Rash": {
    "f1": 0.16783216783216784,
    "precision": 0.1,
    "recall": 0.5217391304347826,
    "support": 23
  },
  "Herpes Zoster": {
    "f1": 0.2595419847328244,
    "precision": 0.1559633027522936,
    "recall": 0.7727272727272727,
    "support": 22
  },
  "Herpes Simplex": {
    "f1": 0.26785714285714285,
    "precision": 0.16666666666666666,
    "recall": 0.6818181818181818,
    "support": 22
  },
  "Acute dermatitis, NOS": {
    "f1": 0.09917355371900827,
    "precision": 0.057692307692307696,
    "recall": 0.35294117647058826,
    "support": 17
  },
  "Impetigo": {
    "f1": 0.1282051282051282,
    "precision": 0.06944444444444445,
    "recall": 0.8333333333333334,
    "support": 12
  },
  "Hypersensitivity": {
    "f1": 0.09523809523809523,
    "precision": 0.05303030303030303,
    "recall": 0.4666666666666667,
    "support": 15
  },
  "Leukocytoclastic Vasculitis": {
    "f1": 0.14285714285714285,
    "precision": 0.0821917808219178,
    "recall": 0.5454545454545454,
    "support": 11
  },
  "Acne": {
    "f1": 0.22018348623853212,
    "precision": 0.13043478260869565,
    "recall": 0.7058823529411765,
    "support": 17
  },
  "Pigmented purpuric eruption": {
    "f1": 0.20930232558139536,
    "precision": 0.1267605633802817,
    "recall": 0.6,
    "support": 15
  },
  "Lichen planus/lichenoid eruption": {
    "f1": 0.14414414414414414,
    "precision": 0.08421052631578947,
    "recall": 0.5,
    "support": 16
  },
  "Viral Exanthem": {
    "f1": 0.19718309859154928,
    "precision": 0.11290322580645161,
    "recall": 0.7777777777777778,
    "support": 9
  },
  "Pityriasis rosea": {
    "f1": 0.12121212121212122,
    "precision": 0.07407407407407407,
    "recall": 0.3333333333333333,
    "support": 12
  },
  "Lichen Simplex Chronicus": {
    "f1": 0.11320754716981132,
    "precision": 0.06315789473684211,
    "recall": 0.5454545454545454,
    "support": 11
  },
  "Stasis Dermatitis": {
    "f1": 0.21052631578947367,
    "precision": 0.12244897959183673,
    "recall": 0.75,
    "support": 8
  },
  "CD - Contact dermatitis": {
    "f1": 0.041237113402061855,
    "precision": 0.023255813953488372,
    "recall": 0.18181818181818182,
    "support": 11
  },
  "Scabies": {
    "f1": 0.05555555555555555,
    "precision": 0.0297029702970297,
    "recall": 0.42857142857142855,
    "support": 7
  },
  "Molluscum Contagiosum": {
    "f1": 0.12195121951219512,
    "precision": 0.06944444444444445,
    "recall": 0.5,
    "support": 10
  },
  "Keratosis pilaris": {
    "f1": 0.11428571428571428,
    "precision": 0.06060606060606061,
    "recall": 1.0,
    "support": 4
  },
  "Granuloma annulare": {
    "f1": 0.12,
    "precision": 0.06521739130434782,
    "recall": 0.75,
    "support": 8
  },
  "Tinea Versicolor": {
    "f1": 0.29411764705882354,
    "precision": 0.19230769230769232,
    "recall": 0.625,
    "support": 8
  },
  "Rosacea": {
    "f1": 0.16326530612244897,
    "precision": 0.09523809523809523,
    "recall": 0.5714285714285714,
    "support": 7
  },
  "O/E - ecchymoses present": {
    "f1": 0.21052631578947367,
    "precision": 0.13793103448275862,
    "recall": 0.4444444444444444,
    "support": 9
  },
  "Abrasion, scrape, or scab": {
    "f1": 0.04819277108433735,
    "precision": 0.02631578947368421,
    "recall": 0.2857142857142857,
    "support": 7
  },
  "Acute and chronic dermatitis": {
    "f1": 0.029850746268656716,
    "precision": 0.016666666666666666,
    "recall": 0.14285714285714285,
    "support": 7
  },
  "Seborrheic Dermatitis": {
    "f1": 0.24,
    "precision": 0.14634146341463414,
    "recall": 0.6666666666666666,
    "support": 9
  },
  "Photodermatitis": {
    "f1": 0.17391304347826086,
    "precision": 0.10256410256410256,
    "recall": 0.5714285714285714,
    "support": 7
  },
  "Abscess": {
    "f1": 0.04081632653061224,
    "precision": 0.024390243902439025,
    "recall": 0.125,
    "support": 8
  },
  "Verruca vulgaris": {
    "f1": 0.24390243902439024,
    "precision": 0.14705882352941177,
    "recall": 0.7142857142857143,
    "support": 7
  },
  "Cellulitis": {
    "f1": 0.0,
    "precision": 0.0,
    "recall": 0.0,
    "support": 6
  },
  "SCC/SCCIS": {
    "f1": 0.21621621621621623,
    "precision": 0.14285714285714285,
    "recall": 0.4444444444444444,
    "support": 9
  },
  "Purpura": {
    "f1": 0.0,
    "precision": 0.0,
    "recall": 0.0,
    "support": 4
  },
  "Miliaria": {
    "f1": 0.0,
    "precision": 0.0,
    "recall": 0.0,
    "support": 5
  },
  "Erythema multiforme": {
    "f1": 0.06779661016949153,
    "precision": 0.03636363636363636,
    "recall": 0.5,
    "support": 4
  },
  "Syphilis": {
    "f1": 0.15384615384615385,
    "precision": 0.09090909090909091,
    "recall": 0.5,
    "support": 4
  },
  "Cutaneous lupus": {
    "f1": 0.0784313725490196,
    "precision": 0.043478260869565216,
    "recall": 0.4,
    "support": 5
  },
  "Intertrigo": {
    "f1": 0.25,
    "precision": 0.16666666666666666,
    "recall": 0.5,
    "support": 8
  },
  "Inflicted skin lesions": {
    "f1": 0.20689655172413793,
    "precision": 0.125,
    "recall": 0.6,
    "support": 5
  },
  "Post-Inflammatory hyperpigmentation": {
    "f1": 0.20512820512820512,
    "precision": 0.11764705882352941,
    "recall": 0.8,
    "support": 5
  },
  "Pityriasis lichenoides": {
    "f1": 0.0625,
    "precision": 0.034482758620689655,
    "recall": 0.3333333333333333,
    "support": 3
  },
  "Prurigo nodularis": {
    "f1": 0.13333333333333333,
    "precision": 0.08,
    "recall": 0.4,
    "support": 5
  },
  "Lichen nitidus": {
    "f1": 0.09090909090909091,
    "precision": 0.05263157894736842,
    "recall": 0.3333333333333333,
    "support": 3
  },
  "Chronic dermatitis, NOS": {
    "f1": 0.25806451612903225,
    "precision": 0.16666666666666666,
    "recall": 0.5714285714285714,
    "support": 7
  }
}